fullSetName;setCodeUpper;setCode
Marvel Super Heroes;MSH;msh
Marvel Super Heroes Commander;MSC;msc
Teenage Mutant Ninja Turtles;TMT;tmt
Teenage Mutant Ninja Turtles Source Material;PZA;pza
Teenage Mutant Ninja Turtles Tokens;TTMT;ttmt
Teenage Mutant Ninja Turtles Eternal;TMC;tmc
Teenage Mutant Ninja Turtles Eternal Tokens;TTMC;ttmc
Lorwyn Eclipsed;ECL;ecl
Lorwyn Eclipsed Tokens;TECL;tecl
Lorwyn Eclipsed Commander;ECC;ecc
Lorwyn Eclipsed Commander Tokens;TECC;tecc
MagicFest;2026PF26;2026pf26
Wizards Play Network;2026PW26;2026pw26
Avatar: The Last Airbender;TLA;tla
Avatar: The Last Airbender Promos;PTLA;ptla
Avatar: The Last Airbender Tokens;TTLA;ttla
Avatar: The Last Airbender Beginner Box Front Cards;FTLA;ftla
Avatar: the Last Airbender Art Series;ATLA;atla
Avatar: The Last Airbender Eternal;TLE;tle
Avatar: The Last Airbender Eternal Tokens;TTLE;ttle
Avatar: the Last Airbender Eternal Art Series;ATLE;atle
Avatar: The Last Airbender Jumpstart Front Cards;JTLA;jtla
Arena Powered Cube;APCUBE;apcube
Marvel's Spider-Man Art Series;ASPM;aspm
Marvel's Spider-Man;SPM;spm
Marvel's Spider-Man Promos;PSPM;pspm
Marvel's Spider-Man Tokens;TSPM;tspm
Marvel's Spider-Man Eternal;SPE;spe
Through the Omenpaths;OM1;om1
Marvel Universe;MAR;mar
Through the Omenpaths Bonus Sheet;OMB;omb
Marvel Legends Series Inserts;LMAR;lmar
Arena Anthology;4AA4;4aa4
Arena Anthology;3AA3;3aa3
2023 Heroes of the Realm;PH23;ph23
Arena Anthology;2AA2;2aa2
Arena Anthology;1AA1;1aa1
Edge of Eternities;EOE;eoe
Edge of Eternities: Stellar Sights;EOS;eos
Edge of Eternities Promos;PEOE;peoe
Edge of Eternities Tokens;TEOE;teoe
Alchemy: Edge of Eternities;YEOE;yeoe
Edge of Eternities Art Series;AEOE;aeoe
Edge of Eternities Commander;EOC;eoc
Edge of Eternities Commander Tokens;TEOC;teoc
Final Fantasy;FIN;fin
Final Fantasy: Through the Ages;FCA;fca
Final Fantasy Promos;PFIN;pfin
Final Fantasy Tokens;TFIN;tfin
Final Fantasy Regional Promos;RFIN;rfin
Final Fantasy Commander;FIC;fic
Final Fantasy Commander Tokens;TFIC;tfic
Final Fantasy Art Series;AFIN;afin
FIN Standard Showdown;PSS5;pss5
FIN Asia WPN Promo Tokens;WFIN;wfin
Pioneer Anthology;1PA1;1pa1
Tarkir: Dragonstorm;TDM;tdm
Tarkir: Dragonstorm Promos;PTDM;ptdm
Tarkir: Dragonstorm Tokens;TTDM;ttdm
Alchemy: Tarkir;YTDM;ytdm
Tarkir: Dragonstorm Art Series;ATDM;atdm
Tarkir: Dragonstorm Commander;TDC;tdc
Tarkir: Dragonstorm Commander Tokens;TTDC;ttdc
Love Your LGS 2;025PLG25;025plg25
Aetherdrift;DFT;dft
Aetherdrift Promos;PDFT;pdft
Aetherdrift Tokens;TDFT;tdft
Alchemy: Aetherdrift;YDFT;ydft
Aetherdrift Art Series;ADFT;adft
Aetherdrift Commander;DRC;drc
Aetherdrift Commander Tokens;TDRC;tdrc
Year of the Snake;2025PL25;2025pl25
Japan Standard Cup;PJSC;pjsc
Innistrad Remastered;INR;inr
Innistrad Remastered Tokens;TINR;tinr
Innistrad Remastered Art Series;AINR;ainr
Spotlight Series;PSPL;pspl
MagicFest;2025PF25;2025pf25
Wizards Play Network;2025PW25;2025pw25
Pioneer Masters;PIO;pio
Foundations;FDN;fdn
Foundations Promos;PFDN;pfdn
Foundations Tokens;TFDN;tfdn
Foundations Art Series;AFDN;afdn
Foundations Commander;FDC;fdc
Foundations Front Cards;FFDN;ffdn
Foundations Jumpstart;J25;j25
Foundations Jumpstart Front Cards;FJ25;fj25
Duskmourn: House of Horror;DSK;dsk
Duskmourn: House of Horror Promos;PDSK;pdsk
Duskmourn: House of Horror Tokens;TDSK;tdsk
Alchemy: Duskmourn;YDSK;ydsk
Duskmourn: House of Horror Commander;DSC;dsc
Duskmourn Commander Tokens;TDSC;tdsc
Duskmourn: House of Horror Art Series;ADSK;adsk
Love Your LGS 2;024PLG24;024plg24
Mystery Booster;2MB2;2mb2
Cowboy Bebop;PCBB;pcbb
Bloomburrow;BLB;blb
Bloomburrow Promos;PBLB;pblb
Bloomburrow Tokens;TBLB;tblb
Alchemy: Bloomburrow;YBLB;yblb
Bloomburrow Art Series;ABLB;ablb
Bloomburrow Commander;BLC;blc
Bloomburrow Commander Tokens;TBLC;tblc
Assassin's Creed;ACR;acr
Assassin's Creed Tokens;TACR;tacr
Assassin's Creed Minigames;MACR;macr
Assassin's Creed Art Series;AACR;aacr
Modern Horizons;3MH3;3mh3
Modern Horizons 3 Promos;PMH3;pmh3
Modern Horizons 3 Tokens;TMH3;tmh3
Modern Horizons 3 Substitute Cards;SMH3;smh3
Modern Horizons 3 Art Series;AMH3;amh3
Modern Horizons 3 Commander;M3C;m3c
Modern Horizons 3 Commander Tokens;TM3C;tm3c
Modern Horizons 2 Timeshifts;H2R;h2r
Outlaws of Thunder Junction;OTJ;otj
Breaking News;OTP;otp
Breaking News Tokens;TOTP;totp
Outlaws of Thunder Junction Promos;POTJ;potj
Outlaws of Thunder Junction Tokens;TOTJ;totj
Alchemy: Outlaws of Thunder Junction;YOTJ;yotj
Outlaws of Thunder Junction Art Series;AOTJ;aotj
Outlaws of Thunder Junction Commander;OTC;otc
Outlaws of Thunder Junction Commander Tokens;TOTC;totc
The Big Score;BIG;big
The Big Score Promos;PBIG;pbig
The Big Score Tokens;TBIG;tbig
Fallout;PIP;pip
Fallout Tokens;TPIP;tpip
Murders at Karlov Manor;MKM;mkm
Murders at Karlov Manor Promos;PMKM;pmkm
Murders at Karlov Manor Tokens;TMKM;tmkm
Alchemy: Murders at Karlov Manor;YMKM;ymkm
Ravnica: Clue Edition;CLU;clu
Ravnica: Clue Edition Front Cards;FCLU;fclu
MKM Standard Showdown;PSS4;pss4
Murders at Karlov Manor Art Series;AMKM;amkm
Murders at Karlov Manor Commander;MKC;mkc
Murders at Karlov Manor Commander Tokens;TMKC;tmkc
MKM Japanese Promo Tokens;WMKM;wmkm
Year of the Dragon;2024PL24;2024pl24
Ravnica Remastered;RVR;rvr
Ravnica Remastered Tokens;TRVR;trvr
MagicFest;2024PF24;2024pf24
Wizards Play Network;2024PW24;2024pw24
Special Guests;SPG;spg
The Lost Caverns of Ixalan;LCI;lci
The Lost Caverns of Ixalan Promos;PLCI;plci
The Lost Caverns of Ixalan Tokens;TLCI;tlci
Alchemy: Ixalan;YLCI;ylci
The Lost Caverns of Ixalan Art Series;ALCI;alci
The Lost Caverns of Ixalan Substitute Cards;SLCI;slci
Jurassic World Collection;REX;rex
Jurassic World Collection Tokens;TREX;trex
The Lost Caverns of Ixalan Commander;LCC;lcc
The Lost Caverns of Ixalan Commander Tokens;TLCC;tlcc
Doctor Who;WHO;who
Doctor Who Tokens;TWHO;twho
Wilds of Eldraine;WOE;woe
Wilds of Eldraine: Enchanting Tales;WOT;wot
Wilds of Eldraine Promos;PWOE;pwoe
Wilds of Eldraine Tokens;TWOE;twoe
Alchemy: Wilds of Eldraine;YWOE;ywoe
WOE Japanese Promo Tokens;WWOE;wwoe
Wilds of Eldraine Art Series;AWOE;awoe
Wilds of Eldraine Commander;WOC;woc
Wilds of Eldraine Commander Tokens;TWOC;twoc
Magic × Duel Masters Promos;PMDA;pmda
Commander Masters;CMM;cmm
Commander Masters Tokens;TCMM;tcmm
Commander Masters Art Series;ACMM;acmm
2022 Heroes of the Realm;PH22;ph22
Explorer Anthology;3EA3;3ea3
Historic Anthology;7HA7;7ha7
MagicFest;2023PF23;2023pf23
The Lord of the Rings: Tales of Middle-earth;LTR;ltr
Tales of Middle-earth Promos;PLTR;pltr
Tales of Middle-earth Tokens;TLTR;tltr
Tales of Middle-earth Deluxe Commander Kit;PLTC;pltc
Tales of Middle-earth Commander;LTC;ltc
Tales of Middle-earth Commander Tokens;TLTC;tltc
Tales of Middle-earth Scene Box;ALTC;altc
Tales of Middle-earth Front Cards;FLTR;fltr
Tales of Middle-earth Art Series;ALTR;altr
The Lord of the Rings: Tales of Middle-earth Minigames;MLTR;mltr
March of the Machine: The Aftermath;MAT;mat
March of the Machine: The Aftermath Promos;PMAT;pmat
March of the Machine;MOM;mom
Multiverse Legends;MUL;mul
Multiverse Legends Tokens;TMUL;tmul
March of the Machine Promos;PMOM;pmom
March of the Machine Tokens;TMOM;tmom
March of the Machine Jumpstart Front Cards;FMOM;fmom
March of the Machine Art Series;AMOM;amom
March of the Machine Substitute Cards;SMOM;smom
March of the Machine Commander;MOC;moc
March of the Machine Commander Tokens;TMOC;tmoc
MOM Japanese Promo Tokens;WMOM;wmom
Shadows over Innistrad Remastered;SIR;sir
Shadows of the Past;SIS;sis
Unknown Event;UNK;unk
Black Lotus Unknown Planechase;PUNK;punk
Year of the Rabbit;2023PL23;2023pl23
Phyrexia: All Will Be One;ONE;one
Phyrexia: All Will Be One Promos;PONE;pone
Phyrexia: All Will Be One Tokens;TONE;tone
Alchemy: Phyrexia;YONE;yone
Phyrexia: All Will Be One Commander;ONC;onc
Phyrexia: All Will Be One Commander Tokens;TONC;tonc
Phyrexia: All Will Be One Minigames;MONE;mone
Phyrexia: All Will Be One Art Series;AONE;aone
Phyrexia: All Will Be One Jumpstart Front Cards;FONE;fone
ONE Japanese Promo Tokens;WONE;wone
Dominaria Remastered;DMR;dmr
Dominaria Remastered Tokens;TDMR;tdmr
Regional Championship Qualifiers;2023PR23;2023pr23
Wizards Play Network;2023PW23;2023pw23
Judge Gift Cards;2023P23;2023p23
Explorer Anthology;2EA2;2ea2
Starter Commander Decks;SCD;scd
Starter Commander Deck Tokens;TSCD;tscd
Jumpstart;2022J22;2022j22
Jumpstart 2022 Front Cards;FJ22;fj22
30th Anniversary Edition;30A;30a
30th Anniversary Play Promos;P30A;p30a
30th Anniversary Tokens;T30A;t30a
30th Anniversary Celebration Tokyo;P30T;p30t
30th Anniversary History Promos;P30H;p30h
30th Anniversary Misc Promos;P30M;p30m
Eternal Weekend;PEWK;pewk
The Brothers' War;BRO;bro
The Brothers' War Retro Artifacts;BRR;brr
The Brothers' War Promos;PBRO;pbro
The Brothers' War Tokens;TBRO;tbro
Alchemy: The Brothers' War;YBRO;ybro
The Brothers' War Commander;BRC;brc
The Brothers' War Commander Tokens;TBRC;tbrc
Transformers;BOT;bot
Transformers Tokens;TBOT;tbot
The Brothers' War Southeast Asia Tokens;PTBRO;ptbro
The Brothers' War Jumpstart Front Cards;FBRO;fbro
The Brothers' War Minigames;MBRO;mbro
The Brothers' War Art Series;ABRO;abro
The Brothers' War Substitute Cards;SBRO;sbro
Game Night: Free-for-All;GN3;gn3
Game Night: Free-for-All Tokens;TGN3;tgn3
Unfinity;UNF;unf
Unfinity Tokens;TUNF;tunf
Unfinity Sticker Sheets;SUNF;sunf
Warhammer 40,000 Commander;40K;40k
Warhammer 40,000 Tokens;T40K;t40k
Regional Championship Qualifiers;2022PRCQ;2022prcq
Dominaria United;DMU;dmu
Dominaria United Promos;PDMU;pdmu
Dominaria United Tokens;TDMU;tdmu
Alchemy: Dominaria;YDMU;ydmu
Dominaria United Southeast Asia Tokens;PTDMU;ptdmu
Dominaria United Minigames;MDMU;mdmu
Dominaria United Commander;DMC;dmc
Dominaria United Commander Tokens;TDMC;tdmc
Dominaria United Jumpstart Front Cards;FDMU;fdmu
DMU Japanese Promo Tokens;WDMU;wdmu
Dominaria United Art Series;ADMU;admu
Summer Vacation Promos;2022PSVC;2022psvc
2021 Heroes of the Realm;PH21;ph21
Explorer Anthology;1EA1;1ea1
Historic Anthology;6HA6;6ha6
Store Championships;SCH;sch
Double Masters;20222X2;20222x2
Double Masters 2022 Tokens;T2X2;t2x2
Alchemy Horizons: Baldur's Gate;HBG;hbg
Love Your LGS 2;022PLG22;022plg22
Commander Legends: Battle for Baldur's Gate;CLB;clb
Battle for Baldur's Gate Promos;PCLB;pclb
Battle for Baldur's Gate Tokens;TCLB;tclb
Commander Legends: Battle for Baldur's Gate Minigames;MCLB;mclb
Battle for Baldur's Gate Art Series;ACLB;aclb
Battle for Baldur's Gate Oversized Cards;OCLB;oclb
Streets of New Capenna;SNC;snc
Streets of New Capenna Promos;PSNC;psnc
Streets of New Capenna Southeast Asia Tokens;PTSNC;ptsnc
Streets of New Capenna Tokens;TSNC;tsnc
Alchemy: New Capenna;YSNC;ysnc
New Capenna Commander;NCC;ncc
New Capenna Commander Promos;PNCC;pncc
New Capenna Commander Tokens;TNCC;tncc
Streets of New Capenna Minigames;MSNC;msnc
New Capenna Art Series;ASNC;asnc
Game Day Promos;GDY;gdy
Challenger Decks;2022Q07;2022q07
Wizards Play Network;2022PW22;2022pw22
Year of the Tiger;2022PL22;2022pl22
Kamigawa: Neon Dynasty;NEO;neo
Kamigawa: Neon Dynasty Promos;PNEO;pneo
Kamigawa: Neon Dynasty Tokens;TNEO;tneo
Alchemy: Kamigawa;YNEO;yneo
Kamigawa: Neon Dynasty Minigames;MNEO;mneo
Kamigawa: Neon Dynasty Substitute Cards;SNEO;sneo
Neon Dynasty Commander;NEC;nec
Neon Dynasty Commander Tokens;TNEC;tnec
Neon Dynasty Art Series;ANEO;aneo
Commander Collection: Black;CC2;cc2
Innistrad: Double Feature;DBL;dbl
Judge Gift Cards;2022P22;2022p22
Alchemy: Innistrad;YMID;ymid
Innistrad: Crimson Vow;VOW;vow
Innistrad: Crimson Vow Promos;PVOW;pvow
Innistrad: Crimson Vow Tokens;TVOW;tvow
Innistrad: Crimson Vow Minigames;MVOW;mvow
Innistrad: Crimson Vow Substitute Cards;SVOW;svow
Crimson Vow Commander;VOC;voc
Crimson Vow Commander Tokens;TVOC;tvoc
Crimson Vow Commander Display Commanders;OVOC;ovoc
Crimson Vow Art Series;AVOW;avow
Pioneer Challenger Decks;2021Q06;2021q06
Innistrad: Midnight Hunt;MID;mid
Innistrad: Midnight Hunt Promos;PMID;pmid
Innistrad: Midnight Hunt Tokens;TMID;tmid
Innistrad: Midnight Hunt Substitute Cards;SMID;smid
Midnight Hunt Commander;MIC;mic
Midnight Hunt Commander Tokens;TMIC;tmic
Midnight Hunt Commander Display Commanders;OMIC;omic
Midnight Hunt Art Series;AMID;amid
Innistrad: Midnight Hunt Minigames;MMID;mmid
Jumpstart: Historic Horizons;J21;j21
Mystery Booster Playtest Cards;2021CMB2;2021cmb2
2020 Heroes of the Realm;PH20;ph20
Adventures in the Forgotten Realms;AFR;afr
Adventures in the Forgotten Realms Promos;PAFR;pafr
Adventures in the Forgotten Realms Tokens;TAFR;tafr
Forgotten Realms Oversized Cards;OAFR;oafr
Forgotten Realms Commander;AFC;afc
Forgotten Realms Commander Tokens;TAFC;tafc
Forgotten Realms Commander Display Commanders;OAFC;oafc
Adventures in the Forgotten Realms Art Series;AAFR;aafr
Adventures in the Forgotten Realms Minigames;MAFR;mafr
Chromatic CubeC;HROMATIC;hromatic
Love Your LGS 2;021PLG21;021plg21
Wizards Play Network;2021PW21;2021pw21
Modern Horizons;2MH2;2mh2
Modern Horizons 2 Promos;PMH2;pmh2
Modern Horizons 2 Tokens;TMH2;tmh2
Modern Horizons 2 Art Series;AMH2;amh2
Modern Horizons 2 Minigames;MMH2;mmh2
Modern Horizons 1 Timeshifts;H1R;h1r
Historic Anthology;5HA5;5ha5
Strixhaven: School of Mages;STX;stx
Strixhaven Mystical Archive;STA;sta
Strixhaven: School of Mages Promos;PSTX;pstx
Strixhaven: School of Mages Tokens;TSTX;tstx
Strixhaven: School of Mages Substitute Cards;SSTX;sstx
Strixhaven: School of Mages Minigames;MSTX;mstx
Strixhaven Art Series;ASTX;astx
Commander;2021C21;2021c21
Commander 2021 Tokens;TC21;tc21
Commander 2021 Display Commanders;OC21;oc21
Time Spiral Remastered;TSR;tsr
Time Spiral Remastered Promos;PTSR;ptsr
Time Spiral Remastered Tokens;TTSR;ttsr
Historic Anthology;4HA4;4ha4
Kaldheim;KHM;khm
Kaldheim Promos;PKHM;pkhm
Kaldheim Tokens;TKHM;tkhm
Kaldheim Minigames;MKHM;mkhm
Kaldheim Substitute Cards;SKHM;skhm
Kaldheim Commander;KHC;khc
Kaldheim Commander Tokens;TKHC;tkhc
Kaldheim Art Series;AKHM;akhm
Year of the Ox;2021PL21;2021pl21
Judge Gift Cards;2021PJ21;2021pj21
Commander Collection: Green;CC1;cc1
Commander Legends;CMR;cmr
Commander Legends Promos;PCMR;pcmr
Commander Legends Tokens;TCMR;tcmr
Kaladesh Remastered;KLR;klr
The List;PLST;plst
The List (Unfinity Foil Edition);ULST;ulst
Zendikar Rising;ZNR;znr
Zendikar Rising Expeditions;ZNE;zne
Zendikar Rising Promos;PZNR;pznr
Zendikar Rising Tokens;TZNR;tznr
Zendikar Rising Art Series;AZNR;aznr
Zendikar Rising Substitute Cards;SZNR;sznr
Zendikar Rising Commander;ZNC;znc
Zendikar Rising Commander Tokens;TZNC;tznc
Zendikar Rising Minigames;MZNR;mznr
Live the DreamLIVE;THEDREAM;thedream
Tinkerer's Cube;TINKERER;tinkerer
Arena Beginner Set;ANB;anb
Amonkhet Remastered;AKR;akr
Double Masters;2XM;2xm
Double Masters Tokens;T2XM;t2xm
2019 Heroes of the Realm;PH19;ph19
Jumpstart;JMP;jmp
Jumpstart Arena Exclusives;AJMP;ajmp
Jumpstart Front Cards;FJMP;fjmp
Core Set;2021M21;2021m21
Core Set 2021 Promos;PM21;pm21
Core Set 2021 Tokens;TM21;tm21
Signature Spellbook: Chandra;SS3;ss3
MTG Arena Cube;ARENA;arena
Historic Anthology;3HA3;3ha3
Love Your LGS 2;020PLG20;020plg20
Ikoria: Lair of Behemoths;IKO;iko
Ikoria: Lair of Behemoths Promos;PIKO;piko
Ikoria: Lair of Behemoths Tokens;TIKO;tiko
Commander;2020C20;2020c20
Commander 2020 Tokens;TC20;tc20
Commander 2020 Oversized;OC20;oc20
Historic Anthology;2HA2;2ha2
Unsanctioned;UND;und
Unsanctioned Tokens;TUND;tund
Theros Beyond Death;THB;thb
Theros Beyond Death Promos;PTHB;pthb
Theros Beyond Death Tokens;TTHB;tthb
Judge Gift Cards;2020J20;2020j20
MagicFest;2020PF20;2020pf20
Secret Lair Drop;SLD;sld
Secret Lair Showcase Planes;PSSC;pssc
Secret Lair Promo;SLP;slp
Secret Lair Countdown;SLC;slc
Universes Within;SLX;slx
Secret Lair: Ultimate Edition;SLU;slu
Historic Anthology;1HA1;1ha1
Game Night;2019GN2;2019gn2
Game Night 2019 Tokens;TGN2;tgn2
Mystery Booster Playtest Cards;2019CMB1;2019cmb1
Ponies: The Galloping;PTG;ptg
Throne of Eldraine;ELD;eld
Throne of Eldraine Promos;PELD;peld
Throne of Eldraine Tokens;TELD;teld
Planeswalker Championship Promos;PWCS;pwcs
Grixis Cube;GRIXIS;grixis
Commander;2019C19;2019c19
Commander 2019 Tokens;TC19;tc19
Commander 2019 Oversized;OC19;oc19
2018 Heroes of the Realm;PH18;ph18
San Diego Comic-Con;2019PS19;2019ps19
Core Set;2020M20;2020m20
Core Set 2020 Promos;PM20;pm20
Core Set 2020 Tokens;TM20;tm20
M20 Promo Packs;PPP1;ppp1
Signature Spellbook: Gideon;SS2;ss2
Modern Horizons;MH1;mh1
Modern Horizons Promos;PMH1;pmh1
Modern Horizons Tokens;TMH1;tmh1
Modern Horizons Art Series;AMH1;amh1
War of the Spark;WAR;war
War of the Spark Promos;PWAR;pwar
War of the Spark Tokens;TWAR;twar
Judge Gift Cards;2019J19;2019j19
RNA Guild Kit;GK2;gk2
RNA Guild Kit Tokens;TGK2;tgk2
Ravnica Allegiance;RNA;rna
Ravnica Allegiance Promos;PRNA;prna
Ravnica Allegiance Tokens;TRNA;trna
RNA Ravnica Weekend;PRW2;prw2
MagicFest;2019PF19;2019pf19
Ultimate Masters;UMA;uma
Ultimate Box Topper;PUMA;puma
Ultimate Masters Tokens;TUMA;tuma
Game Night;GNT;gnt
GRN Guild Kit;GK1;gk1
GRN Guild Kit Tokens;TGK1;tgk1
Guilds of Ravnica;GRN;grn
Guilds of Ravnica Promos;PGRN;pgrn
Guilds of Ravnica Tokens;TGRN;tgrn
GRN Ravnica Weekend;PRWK;prwk
Mythic Edition;MED;med
Mythic Edition Tokens;TMED;tmed
Commander;2018C18;2018c18
Commander 2018 Tokens;TC18;tc18
Commander 2018 Oversized;OC18;oc18
Pro Tour Cube;PROTOUR;protour
2017 Heroes of the Realm;PH17;ph17
San Diego Comic-Con;2018PS18;2018ps18
Arena New Player Experience;ANA;ana
Arena New Player Experience Extras;XANA;xana
Arena New Player Experience Cards;OANA;oana
MTG Arena Promos;PANA;pana
Core Set;2019M19;2019m19
Core Set 2019 Promos;PM19;pm19
Core Set 2019 Tokens;TM19;tm19
M19 Gift Pack;G18;g18
M19 Standard Showdown;PSS3;pss3
Global Series Jiang Yanggu & Mu Yanling;GS1;gs1
Signature Spellbook: Jace;SS1;ss1
Vintage Cube;VINTAGE;vintage
Battlebond;BBD;bbd
Battlebond Promos;PBBD;pbbd
Battlebond Tokens;TBBD;tbbd
Commander Anthology Volume;IICM2;iicm2
Commander Anthology Volume II Tokens;TCM2;tcm2
Uncommon Cube;UNCOMMON;uncommon
Dominaria;DOM;dom
Dominaria Promos;PDOM;pdom
Dominaria Tokens;TDOM;tdom
Duel Decks: Elves vs. Inventors;DDU;ddu
Duel Decks: Elves vs. Inventors Tokens;TDDU;tddu
Masters;25A25;25a25
Masters 25 Tokens;TA25;ta25
Lunar New Year;2018PLNY;2018plny
Nationals Promos;PNAT;pnat
Rivals of Ixalan;RIX;rix
Rivals of Ixalan Promos;PRIX;prix
Rivals of Ixalan Tokens;TRIX;trix
Judge Gift Cards;2018J18;2018j18
Friday Night Magic;2018F18;2018f18
Unstable;UST;ust
Unstable Promos;PUST;pust
Unstable Tokens;TUST;tust
From the Vault: Transform;V17;v17
Explorers of Ixalan;E02;e02
Iconic Masters;IMA;ima
Iconic Masters Tokens;TIMA;tima
Duel Decks: Merfolk vs. Goblins;DDT;ddt
Duel Decks: Merfolk vs. Goblins Tokens;TDDT;tddt
2017 Gift Pack;G17;g17
Ixalan;XLN;xln
Ixalan Promos;PXLN;pxln
Ixalan Tokens;TXLN;txln
XLN Treasure Chest;PXTC;pxtc
XLN Standard Showdown;PSS2;pss2
HasCon;2017H17;2017h17
2016 Heroes of the Realm;PHTR;phtr
Modern Cube;MODERN;modern
Commander;2017C17;2017c17
Commander 2017 Tokens;TC17;tc17
Commander 2017 Oversized;OC17;oc17
San Diego Comic-Con;2017PS17;2017ps17
Hour of Devastation;HOU;hou
Hour of Devastation Promos;PHOU;phou
Hour of Devastation Tokens;THOU;thou
Archenemy: Nicol Bolas;E01;e01
Archenemy: Nicol Bolas Tokens;TE01;te01
Archenemy: Nicol Bolas Schemes;OE01;oe01
Commander Anthology;CMA;cma
Commander Anthology Tokens;TCMA;tcma
Amonkhet;AKH;akh
Amonkhet Invocations;MP2;mp2
Amonkhet Promos;PAKH;pakh
Amonkhet Tokens;TAKH;takh
Welcome Deck;2017W17;2017w17
Legacy Cube;LEGACY;legacy
Duel Decks: Mind vs. Might;DDS;dds
Duel Decks: Mind vs. Might Tokens;TDDS;tdds
Modern Masters;2017MM3;2017mm3
Modern Masters 2017 Tokens;TMM3;tmm3
Aether Revolt;AER;aer
Aether Revolt Promos;PAER;paer
Aether Revolt Tokens;TAER;taer
League Tokens;2017L17;2017l17
Judge Gift Cards;2017J17;2017j17
Friday Night Magic;2017F17;2017f17
Planechase Anthology;PCA;pca
Planechase Anthology Tokens;TPCA;tpca
Planechase Anthology Planes;OPCA;opca
Treasure Chest;PZ2;pz2
Twisted Color Pie;TWISTED;twisted
Commander;2016C16;2016c16
Commander 2016 Tokens;TC16;tc16
Commander 2016 Oversized;OC16;oc16
San Diego Comic-Con;2016PS16;2016ps16
Kaladesh;KLD;kld
Kaladesh Inventions;MPS;mps
Kaladesh Promos;PKLD;pkld
Kaladesh Tokens;TKLD;tkld
Duel Decks: Nissa vs. Ob Nixilis;DDR;ddr
Conspiracy: Take the Crown;CN2;cn2
Conspiracy: Take the Crown Tokens;TCN2;tcn2
From the Vault: Lore;V16;v16
Eldritch Moon;EMN;emn
Eldritch Moon Promos;PEMN;pemn
Eldritch Moon Tokens;TEMN;temn
Eternal Masters;EMA;ema
Eternal Masters Tokens;TEMA;tema
Welcome Deck;2016W16;2016w16
Shadows over Innistrad;SOI;soi
Shadows over Innistrad Promos;PSOI;psoi
Shadows over Innistrad Tokens;TSOI;tsoi
Duel Decks: Blessed vs. Cursed;DDQ;ddq
Oath of the Gatewatch;OGW;ogw
Oath of the Gatewatch Promos;POGW;pogw
Oath of the Gatewatch Tokens;TOGW;togw
League Tokens;2016L16;2016l16
Friday Night Magic;2016F16;2016f16
Judge Gift Cards;2016J16;2016j16
Legendary Cube Prize Pack;PZ1;pz1
Commander;2015C15;2015c15
Commander 2015 Tokens;TC15;tc15
Commander 2015 Oversized;OC15;oc15
Battle for Zendikar;BFZ;bfz
Zendikar Expeditions;EXP;exp
Battle for Zendikar Promos;PBFZ;pbfz
Battle for Zendikar Tokens;TBFZ;tbfz
BFZ Standard Series;PSS1;pss1
Duel Decks: Zendikar vs. Eldrazi;DDP;ddp
From the Vault: Angels;V15;v15
Magic Origins;ORI;ori
Magic Origins Promos;PORI;pori
Magic Origins Tokens;TORI;tori
Magic Origins Clash Pack;CP3;cp3
San Diego Comic-Con;2015PS15;2015ps15
Modern Masters;2015MM2;2015mm2
Modern Masters 2015 Tokens;TMM2;tmm2
Tempest Remastered;TPR;tpr
Dragons of Tarkir;DTK;dtk
Dragons of Tarkir Promos;PDTK;pdtk
Dragons of Tarkir Tokens;TDTK;tdtk
Tarkir Dragonfury;PTKDF;ptkdf
Duel Decks: Elspeth vs. Kiora;DDO;ddo
Fate Reforged;FRF;frf
Fate Reforged Promos;PFRF;pfrf
Fate Reforged Tokens;TFRF;tfrf
Fate Reforged Clash Pack;CP2;cp2
Ugin's Fate;UGIN;ugin
League Tokens;2015L15;2015l15
Friday Night Magic;2015F15;2015f15
Judge Gift Cards;2015J15;2015j15
Duel Decks Anthology: Garruk vs. Liliana;GVL;gvl
Duel Decks Anthology: Garruk vs. Liliana Tokens;TGVL;tgvl
Duel Decks Anthology: Divine vs. Demonic;DVD;dvd
Duel Decks Anthology: Divine vs. Demonic Tokens;TDVD;tdvd
Duel Decks Anthology: Elves vs. Goblins;EVG;evg
Duel Decks Anthology: Elves vs. Goblins Tokens;TEVG;tevg
Duel Decks Anthology: Jace vs. Chandra;JVC;jvc
Duel Decks Anthology: Jace vs. Chandra Tokens;TJVC;tjvc
Commander;2014C14;2014c14
Commander 2014 Tokens;TC14;tc14
Commander 2014 Oversized;OC14;oc14
Khans of Tarkir;KTK;ktk
Khans of Tarkir Promos;PKTK;pktk
Khans of Tarkir Tokens;TKTK;tktk
Duel Decks: Speed vs. Cunning;DDN;ddn
From the Vault: Annihilation;V14;v14
Magic;2015M15;2015m15
Magic 2015 Promos;PM15;pm15
Magic 2015 Tokens;TM15;tm15
Magic 2015 Clash Pack;CP1;cp1
M15 Prerelease Challenge;PPC1;ppc1
Duels of the Planeswalkers 2015 Promos;PDP15;pdp15
San Diego Comic-Con;2014PS14;2014ps14
Vintage Masters;VMA;vma
Conspiracy;CNS;cns
Conspiracy Promos;PCNS;pcns
Conspiracy Tokens;TCNS;tcns
Modern Event Deck;2014MD1;2014md1
Modern Event Deck 2014 Tokens;TMD1;tmd1
Journey into Nyx;JOU;jou
Journey into Nyx Promos;PJOU;pjou
Journey into Nyx Tokens;TJOU;tjou
Defeat a God;TDAG;tdag
Journey into Nyx Hero's Path;THP3;thp3
Duel Decks: Jace vs. Vraska;DDM;ddm
Duel Decks: Jace vs. Vraska Tokens;TDDM;tddm
Born of the Gods;BNG;bng
Born of the Gods Promos;PBNG;pbng
Born of the Gods Tokens;TBNG;tbng
Battle the Horde;TBTH;tbth
Born of the Gods Hero's Path;THP2;thp2
League Tokens;2014L14;2014l14
Friday Night Magic;2014F14;2014f14
Judge Gift Cards;2014J14;2014j14
Commander;2013C13;2013c13
Commander 2013 Oversized;OC13;oc13
Theros;THS;ths
Theros Promos;PTHS;pths
Theros Tokens;TTHS;tths
Face the Hydra;TFTH;tfth
Theros Hero's Path;THP1;thp1
Duel Decks: Heroes vs. Monsters;DDL;ddl
Duel Decks: Heroes vs. Monsters Tokens;TDDL;tddl
From the Vault: Twenty;V13;v13
Magic;2014M14;2014m14
Magic 2014 Promos;PM14;pm14
Magic 2014 Tokens;TM14;tm14
San Diego Comic-Con;2013PSDC;2013psdc
Modern Masters;MMA;mma
Modern Masters Tokens;TMMA;tmma
Dragon's Maze;DGM;dgm
Dragon's Maze Promos;PDGM;pdgm
Dragon's Maze Tokens;TDGM;tdgm
World Magic Cup Qualifiers;WMC;wmc
Duel Decks: Sorin vs. Tibalt;DDK;ddk
Duel Decks: Sorin vs. Tibalt Tokens;TDDK;tddk
Gatecrash;GTC;gtc
Gatecrash Promos;PGTC;pgtc
Gatecrash Tokens;TGTC;tgtc
Duels of the Planeswalkers 2014 Promos;PDP14;pdp14
League Tokens;2013L13;2013l13
Judge Gift Cards;2013J13;2013j13
Friday Night Magic;2013F13;2013f13
Commander's Arsenal;CM1;cm1
Commander's Arsenal Oversized;OCM1;ocm1
Return to Ravnica;RTR;rtr
Return to Ravnica Promos;PRTR;prtr
Return to Ravnica Tokens;TRTR;trtr
Duel Decks: Izzet vs. Golgari;DDJ;ddj
Duel Decks: Izzet vs. Golgari Tokens;TDDJ;tddj
From the Vault: Realms;V12;v12
Magic;2013M13;2013m13
Magic 2013 Promos;PM13;pm13
Magic 2013 Tokens;TM13;tm13
Planechase;2012PC2;2012pc2
Planechase 2012 Planes;OPC2;opc2
Avacyn Restored;AVR;avr
Avacyn Restored Promos;PAVR;pavr
Avacyn Restored Tokens;TAVR;tavr
Open the Helvault;PHEL;phel
Duel Decks: Venser vs. Koth;DDI;ddi
Duel Decks: Venser vs. Koth Tokens;TDDI;tddi
Dark Ascension;DKA;dka
Dark Ascension Promos;PDKA;pdka
Dark Ascension Tokens;TDKA;tdka
Wizards Play Network;2012PW12;2012pw12
Duels of the Planeswalkers 2013 Promos;PDP13;pdp13
IDW Comics Inserts;PIDW;pidw
League Tokens;2012L12;2012l12
Friday Night Magic;2012F12;2012f12
Judge Gift Cards;2012J12;2012j12
Premium Deck Series: Graveborn;PD3;pd3
Innistrad;ISD;isd
Innistrad Promos;PISD;pisd
Innistrad Tokens;TISD;tisd
Duel Decks: Ajani vs. Nicol Bolas;DDH;ddh
Duel Decks: Ajani vs. Nicol Bolas Tokens;TDDH;tddh
From the Vault: Legends;V11;v11
Magic;2012M12;2012m12
Magic 2012 Promos;PM12;pm12
Magic 2012 Tokens;TM12;tm12
Commander;2011CMD;2011cmd
Commander 2011 Launch Party;PCMD;pcmd
Commander 2011 Oversized;OCMD;ocmd
Duel Decks: Mirrodin Pure vs. New Phyrexia;TD2;td2
New Phyrexia;NPH;nph
New Phyrexia Promos;PNPH;pnph
New Phyrexia Tokens;TNPH;tnph
Duel Decks: Knights vs. Dragons;DDG;ddg
Duel Decks: Knights vs. Dragons Tokens;TDDG;tddg
Mirrodin Besieged;MBS;mbs
Mirrodin Besieged Promos;PMBS;pmbs
Mirrodin Besieged Tokens;TMBS;tmbs
Masters Edition;IVME4;ivme4
Magic Premiere Shop 20;11PMPS11;11pmps11
Wizards Play Network;2011PW11;2011pw11
Duels of the Planeswalkers 2012 Promos;PDP12;pdp12
Magic Player Rewards;2011P11;2011p11
Legacy Championship;OLGC;olgc
Salvat;2011PS11;2011ps11
Judge Gift Cards;2011G11;2011g11
Friday Night Magic;2011F11;2011f11
Premium Deck Series: Fire and Lightning;PD2;pd2
Magic Online Theme Decks;TD0;td0
Scars of Mirrodin;SOM;som
Scars of Mirrodin Promos;PSOM;psom
Scars of Mirrodin Tokens;TSOM;tsom
Duel Decks: Elspeth vs. Tezzeret;DDF;ddf
Duel Decks: Elspeth vs. Tezzeret Tokens;TDDF;tddf
From the Vault: Relics;V10;v10
Magic;2011M11;2011m11
Magic 2011 Promos;PM11;pm11
Magic 2011 Tokens;TM11;tm11
Archenemy;ARC;arc
Archenemy Schemes;OARC;oarc
Duels of the Planeswalkers;DPA;dpa
Rise of the Eldrazi;ROE;roe
Rise of the Eldrazi Promos;PROE;proe
Rise of the Eldrazi Tokens;TROE;troe
Duel Decks: Phyrexia vs. the Coalition;DDE;dde
Duel Decks: Phyrexia vs. the Coalition Tokens;TDDE;tdde
Worldwake;WWK;wwk
Worldwake Promos;PWWK;pwwk
Worldwake Tokens;TWWK;twwk
Duels of the Planeswalkers 2010 Promos;PDP10;pdp10
Magic Premiere Shop 20;10PMPS10;10pmps10
Magic Player Rewards;2010P10;2010p10
Friday Night Magic;2010F10;2010f10
Judge Gift Cards;2010G10;2010g10
Premium Deck Series: Slivers;H09;h09
Duel Decks: Garruk vs. Liliana;DDD;ddd
Duel Decks: Garruk vs. Liliana Tokens;TDDD;tddd
Zendikar;ZEN;zen
Zendikar Promos;PZEN;pzen
Zendikar Tokens;TZEN;tzen
Masters Edition;IIIME3;iiime3
Planechase;HOP;hop
Planechase Promos;PHOP;phop
Planechase Planes;OHOP;ohop
From the Vault: Exiled;V09;v09
Magic;2010M10;2010m10
Magic 2010 Promos;PM10;pm10
Magic 2010 Tokens;TM10;tm10
Alara Reborn;ARB;arb
Alara Reborn Promos;PARB;parb
Alara Reborn Tokens;TARB;tarb
Duel Decks: Divine vs. Demonic;DDC;ddc
Duel Decks: Divine vs. Demonic Tokens;TDDC;tddc
URL/Convention Promos;PURL;purl
Conflux;CON;con
Conflux Promos;PCON;pcon
Conflux Tokens;TCON;tcon
Duels of the Planeswalkers 2009 Promos;PDTP;pdtp
Magic Premiere Shop 20;09PMPS09;09pmps09
Judge Gift Cards;2009G09;2009g09
Friday Night Magic;2009F09;2009f09
Magic Player Rewards;2009P09;2009p09
Duel Decks: Jace vs. Chandra;DD2;dd2
Duel Decks: Jace vs. Chandra Tokens;TDD2;tdd2
Shards of Alara;ALA;ala
Shards of Alara Promos;PALA;pala
Shards of Alara Tokens;TALA;tala
Masters Edition;IIME2;iime2
From the Vault: Dragons;DRB;drb
Eventide;EVE;eve
Eventide Promos;PEVE;peve
Eventide Tokens;TEVE;teve
Shadowmoor;SHM;shm
Shadowmoor Promos;PSHM;pshm
Shadowmoor Tokens;TSHM;tshm
15th Anniversary Cards;P15A;p15a
Morningtide;MOR;mor
Morningtide Promos;PMOR;pmor
Morningtide Tokens;TMOR;tmor
Magic Premiere Shop 20;08PMPS08;08pmps08
Friday Night Magic;2008F08;2008f08
Judge Gift Cards;2008G08;2008g08
Magic Player Rewards;2008P08;2008p08
Duel Decks: Elves vs. Goblins;DD1;dd1
Duel Decks: Elves vs. Goblins Tokens;TDD1;tdd1
Lorwyn;LRW;lrw
Lorwyn Promos;PLRW;plrw
Lorwyn Tokens;TLRW;tlrw
Masters Edition;ME1;me1
Tenth Edition;10E;10e
Tenth Edition Promos;P10E;p10e
Tenth Edition Tokens;T10E;t10e
Future Sight;FUT;fut
Future Sight Promos;PFUT;pfut
Grand Prix Promos;PGPX;pgpx
Pro Tour Promos;PPRO;ppro
Planar Chaos;PLC;plc
Planar Chaos Promos;PPLC;pplc
Magic Premiere Shop 20;07PMPS07;07pmps07
Friday Night Magic;2007F07;2007f07
Magic Player Rewards;2007P07;2007p07
Judge Gift Cards;2007G07;2007g07
Happy Holidays;HHO;hho
Time Spiral;TSP;tsp
Time Spiral Promos;PTSP;ptsp
Time Spiral Timeshifted;TSB;tsb
Coldsnap;CSP;csp
Coldsnap Promos;PCSP;pcsp
Coldsnap Theme Decks;CST;cst
Dissension;DIS;dis
Dissension Promos;PDIS;pdis
Champs and States;PCMP;pcmp
Guildpact;GPT;gpt
Guildpact Promos;PGPT;pgpt
Magic Premiere Shop 20;06PMPS06;06pmps06
Arena League 2;006PAL06;006pal06
Junior APAC Series;PJAS;pjas
Friday Night Magic;2006F06;2006f06
DCI Promos;DCI;dci
Hachette;UKPHUK;ukphuk
Judge Gift Cards;2006G06;2006g06
Magic Player Rewards;2006P06;2006p06
Two-Headed Giant Tournament;P2HG;p2hg
Magic Premiere Shop;2005PMPS;2005pmps
Ravnica: City of Guilds;RAV;rav
Ravnica: City of Guilds Promos;PRAV;prav
Salvat;2005PSAL;2005psal
Ninth Edition;9ED;9ed
Ninth Edition Promos;P9ED;p9ed
Saviors of Kamigawa;SOK;sok
Saviors of Kamigawa Promos;PSOK;psok
Betrayers of Kamigawa;BOK;bok
Betrayers of Kamigawa Promos;PBOK;pbok
Arena League 2;005PAL05;005pal05
Junior Series Europe;PJSE;pjse
Magic Player Rewards;2005P05;2005p05
Judge Gift Cards;2005G05;2005g05
Friday Night Magic;2005F05;2005f05
Unhinged;UNH;unh
Unhinged Promos;PUNH;punh
Champions of Kamigawa;CHK;chk
Champions of Kamigawa Promos;PCHK;pchk
World Championship Decks;2004WC04;2004wc04
Fifth Dawn;5DN;5dn
Fifth Dawn Promos;P5DN;p5dn
Darksteel;DST;dst
Darksteel Promos;PDST;pdst
Arena League 2;004PAL04;004pal04
Judge Gift Cards;2004G04;2004g04
Magic Player Rewards;2004P04;2004p04
Friday Night Magic;2004F04;2004f04
Mirrodin;MRD;mrd
Mirrodin Promos;PMRD;pmrd
World Championship Decks;2003WC03;2003wc03
Eighth Edition;8ED;8ed
Eighth Edition Promos;P8ED;p8ed
Scourge;SCG;scg
Scourge Promos;PSCG;pscg
Legions;LGN;lgn
Legions Promos;PLGN;plgn
Magic Online Avatars;PMOA;pmoa
Japan Junior Tournament;PJJT;pjjt
Arena League 2;003PAL03;003pal03
Vintage Championship;OVNT;ovnt
Magic Player Rewards;2003P03;2003p03
Friday Night Magic;2003F03;2003f03
Judge Gift Cards;2003G03;2003g03
World Championship Decks;2002WC02;2002wc02
Onslaught;ONS;ons
Onslaught Promos;PONS;pons
Hobby Japan Promos;JP1;jp1
Magic Online Promos;PRM;prm
Judgment;JUD;jud
Judgment Promos;PJUD;pjud
Torment;TOR;tor
Torment Promos;PTOR;ptor
Arena League 2;002PAL02;002pal02
Friday Night Magic;2002F02;2002f02
Judge Gift Cards;2002G02;2002g02
Magic Player Rewards;2002PR2;2002pr2
Deckmasters;DKM;dkm
Odyssey;ODY;ody
Odyssey Promos;PODY;pody
World Championship Decks;2001WC01;2001wc01
Sega Dreamcast Cards;PSDG;psdg
Apocalypse;APC;apc
Apocalypse Promos;PAPC;papc
Seventh Edition;7ED;7ed
Planeshift;PLS;pls
Planeshift Promos;PPLS;ppls
Arena League 2;001PAL01;001pal01
Magic Player Rewards;2001MPR;2001mpr
Friday Night Magic;2001F01;2001f01
Judge Gift Cards;2001G01;2001g01
Invasion;INV;inv
Invasion Promos;PINV;pinv
Beatdown Box Set;BTD;btd
World Championship Decks;2000WC00;2000wc00
Prophecy;PCY;pcy
Prophecy Promos;PPCY;ppcy
Starter;2000S00;2000s00
Nemesis;NEM;nem
Nemesis Promos;PNEM;pnem
European Land Program;PELP;pelp
Arena League 2;000PAL00;000pal00
Judge Gift Cards;2000G00;2000g00
Friday Night Magic;2000FNM;2000fnm
Junior Super Series;PSUS;psus
Battle Royale Box Set;BRB;brb
Mercadian Masques;MMQ;mmq
Mercadian Masques Promos;PMMQ;pmmq
Wizards of the Coast Online Store;PWOS;pwos
World Championship Decks;1999WC99;1999wc99
World Championship Promos;PWOR;pwor
Guru;PGRU;pgru
Starter;1999S99;1999s99
Urza's Destiny;UDS;uds
Urza's Destiny Promos;PUDS;puds
Portal Three Kingdoms;PTK;ptk
Portal: Three Kingdoms Promos;PPTK;pptk
Classic Sixth Edition;6ED;6ed
Urza's Legacy;ULG;ulg
Urza's Legacy Promos;PULG;pulg
Arena League 1;999PAL99;999pal99
Judge Gift Cards;1999G99;1999g99
Anthologies;ATH;ath
Urza's Saga;USG;usg
Urza's Saga Promos;PUSG;pusg
Asia Pacific Land Program;PALP;palp
World Championship Decks;1998WC98;1998wc98
Unglued;UGL;ugl
Unglued Tokens;TUGL;tugl
Portal Second Age;P02;p02
Exodus;EXO;exo
Exodus Promos;PEXO;pexo
Stronghold;STH;sth
Stronghold Promos;PSTH;psth
Judge Gift Cards;1998JGP;1998jgp
Tempest;TMP;tmp
Tempest Promos;PTMP;ptmp
World Championship Decks;1997WC97;1997wc97
Weatherlight;WTH;wth
Oversized League Prizes;OLEP;olep
Vanguard Series;PVAN;pvan
Portal;POR;por
Astral Cards;PAST;past
MicroProse Promos;PMIC;pmic
Fifth Edition;5ED;5ed
Visions;VIS;vis
Multiverse Gift Box;MGB;mgb
Introductory Two-Player Set;ITP;itp
Mirage;MIR;mir
Redemption Program;PRED;pred
Celebration Cards;PCEL;pcel
Arena League;1996PARL;1996parl
Rivals Quick Start Set;RQS;rqs
DCI Legend Membership;PLGM;plgm
Alliances;ALL;all
Pro Tour Collector Set;PTC;ptc
Oversized 90's Promos;O90P;o90p
Homelands;HML;hml
Rinascimento;RIN;rin
Renaissance;REN;ren
Chronicles;CHR;chr
Chronicles Foreign Black Border;BCHR;bchr
Ice Age;ICE;ice
Fourth Edition;4ED;4ed
Fourth Edition Foreign Black Border;4BB;4bb
Media and Collaboration Promos;PMEI;pmei
Fallen Empires;FEM;fem
HarperPrism Book Promos;PHPR;phpr
The Dark;DRK;drk
Dragon Con;PDRC;pdrc
Summer Magic / Edgar;SUM;sum
Legends;LEG;leg
Revised Edition;3ED;3ed
Foreign Black Border;FBB;fbb
Antiquities;ATQ;atq
Arabian Nights;ARN;arn
Intl. Collectors' Edition;CEI;cei
Collectors' Edition;CED;ced
Unlimited Edition;2ED;2ed
Limited Edition Beta;LEB;leb
Limited Edition Alpha;LEA;lea
